INSERT INTO Persons (first_name, surname, phone_number) 
VALUES
    ('Mariusz', 'Nowak', 643929916),
    ('Anna', 'Kowalska', 789654321),
    ('Piotr', 'Zieliński', 456123789),
    ('Katarzyna', 'Wiśniewska', 532897461),
    ('Andrzej', 'Lewandowski', 678345912),
    ('Ewa', 'Kaczmarek', 894561237),
    ('Jan', 'Woźniak', 365247819),
    ('Magdalena', 'Mazur', 741258963),
    ('Tomasz', 'Kwiatkowski', 912345678),
    ('Agnieszka', 'Zając', 159753486),
    ('Krzysztof', 'Duda', 741369852),
    ('Zofia', 'Jankowska', 852741963),
    ('Mateusz', 'Sikora', 963258147),
    ('Barbara', 'Król', 123456789),
    ('Grzegorz', 'Wójcik', 987654321),
    ('Joanna', 'Michalska', 654789123),
    ('Paweł', 'Szymański', 789123456),
    ('Monika', 'Kamińska', 321654987),
    ('Michał', 'Czarnecki', 123789456),
    ('Natalia', 'Pawlak', 987321654),
	('Łukasz', 'Jabłoński', 653284709),
    ('Michał', 'Pawlowski', 725839460),
    ('Kamil', 'Górski', 862731492),
    ('Weronika', 'Lis', 432987561),
    ('Dariusz', 'Kruk', 913572804),
    ('Joanna', 'Stolarz', 801264935),
    ('Tomasz', 'Laskowski', 623748510),
    ('Alicja', 'Szczepańska', 537019648),
    ('Paweł', 'Mazurek', 816295473),
    ('Karolina', 'Nowicka', 917634580),
    ('Adam', 'Sikorski', 758920631),
    ('Magdalena', 'Pietrzak', 640218597),
    ('Sebastian', 'Wróbel', 852107463),
    ('Jakub', 'Gajda', 764590283),
    ('Oliwia', 'Krawczyk', 930672485),
    ('Piotr', 'Witkowski', 710249856),
    ('Beata', 'Wilk', 602731496),
    ('Marcin', 'Król', 654321087),
    ('Ewa', 'Mikulska', 741526309);

INSERT INTO Mechanics (date_of_hiring, phone_number, lay_off_date, hourly_wage, email) VALUES
    ('2016-03-01', 653284709, NULL, 26.00, 'lukasz.jablonski@email.com'),
    ('2016-03-01', 725839460, '2018-07-15', 27.50, 'michal.pawlowski@email.com'),
    ('2016-03-10', 862731492, NULL, 28.00, 'kamil.gorski@email.com'),
    ('2016-04-05', 432987561, NULL, 25.50, 'weronika.lis@email.com'),
    ('2016-04-12', 913572804, NULL, 26.25, 'dariusz.kruk@email.com'),
    ('2016-05-01', 801264935, NULL, 27.00, 'joanna.stolarz@email.com'),
    ('2016-05-15', 623748510, NULL, 26.75, 'tomasz.laskowski@email.com'),
    ('2016-06-01', 537019648, '2019-11-01', 27.25, 'alicja.szczepanska@email.com'),
    ('2016-06-15', 816295473, NULL, 26.50, 'pawel.mazurek@email.com'),
    ('2016-07-01', 917634580, NULL, 26.75, 'karolina.nowicka@email.com'),
    ('2017-03-01', 758920631, NULL, 26.00, 'adam.sikorski@email.com'),
    ('2017-03-10', 640218597, '2020-05-05', 25.75, 'magdalena.pietrzak@email.com'),
    ('2017-04-05', 852107463, NULL, 26.50, 'sebastian.wrobel@email.com'),
    ('2017-04-20', 764590283, NULL, 27.00, 'jakub.gajda@email.com'),
    ('2018-03-01', 930672485, NULL, 26.25, 'oliwia.krawczyk@email.com'),
    ('2018-03-15', 710249856, NULL, 27.50, 'piotr.witkowski@email.com'),
    ('2019-01-01', 602731496, '2021-06-30', 25.75, 'beata.wilk@email.com'),
    ('2020-02-01', 654321087, NULL, 26.25, 'marcin.krol@email.com'),
    ('2021-04-01', 741526309, NULL, 27.00, 'ewa.mikulska@email.com'),
    ('2023-02-01', 789123456, NULL, 26.75, 'jan.kowalski@email.com');


INSERT INTO Car_Models (model_name, make) VALUES
    ('Prelude', 'Honda'),
    ('Focus', 'Ford'),
    ('Civic', 'Honda'),
    ('Octavia', 'Skoda'),
    ('Model 3', 'Tesla'),
    ('Passat', 'Volkswagen'),
    ('Mazda3', 'Mazda'),
    ('Corolla', 'Toyota'),
    ('Golf', 'Volkswagen'),
    ('Accord', 'Honda'),
    ('Tiguan', 'Volkswagen'),
    ('Mondeo', 'Ford'),
    ('Astra', 'Opel'),
    ('Laguna', 'Renault'),
    ('Yaris', 'Toyota'),
    ('X5', 'BMW'),
    ('i30', 'Hyundai'),
    ('CX-5', 'Mazda'),
    ('Clio', 'Renault'),
    ('Punto', 'Fiat');


INSERT INTO Cars (year_of_production, mileage, registration_number, owners_phone_number, model_name) VALUES
    (2004, 130240, 'WPI75TL', 643929916, 'Prelude'),
    (2010, 98300, 'GD201PH', 789654321, 'Focus'),
    (2015, 65210, 'GA450XY', 456123789, 'Civic'),
    (2008, 154300, 'GDA32RT', 532897461, 'Octavia'),
    (2019, 38250, 'GWE88KH', 678345912, 'Model 3'),
    (2001, 230400, 'GSP12LZ', 894561237, 'Passat'),
    (2013, 124500, 'OSD91AP', 365247819, 'Mazda3'),
    (2017, 48200, 'GSL71PO', 741258963, 'Corolla'),
    (2006, 187300, 'GCH20MQ', 912345678, 'Golf'),
    (2012, 102540, 'GKA55ZY', 159753486, 'Accord'),
    (2021, 14200, 'KR82WA', 741369852, 'Tiguan'),
    (2003, 210540, 'WWL98KO', 852741963, 'Mondeo'),
    (1998, 320000, 'POZ03PT', 963258147, 'Astra'),
    (2005, 148300, 'LBZ78EU', 123456789, 'Laguna'),
    (2009, 87500, 'KTW11HG', 987654321, 'Yaris'),
    (2007, 167400, 'ELC44VX', 654789123, 'X5'),
    (2018, 29500, 'OL98RQ', 789123456, 'i30'),
    (2020, 18250, 'RZ12HJ', 321654987, 'CX-5'),
    (2014, 104320, 'LOD67TW', 123789456, 'Clio'),
    (2002, 250000, 'WAW53OL', 987321654, 'Punto');


INSERT INTO Insurers (insurer_name, contact_email, contact_phone_number) VALUES
    ('Allianz', 'kontakt@allianz.pl', 223456789),
    ('PZU', 'kontakt@pzu.pl', 224567890),
    ('Compensa', 'biuro@compensa.pl', 225678901),
    ('AXA', 'info@axa.pl', 226789012),
    ('Generali', 'generali@ubezpieczenia.pl', 227890123),
    ('Ergo Hestia', 'kontakt@ergohestia.pl', 228901234),
    ('Warta', 'biuro@warta.pl', 229012345),
    ('MTU', 'obsługa@mtu.pl', 230123456),
    ('Link4', 'info@link4.pl', 231234567),
    ('Unum', 'contact@unum.pl', 232345678),
    ('Aviva', 'kontakt@aviva.pl', 233456789),
    ('TUZ', 'kontakt@tuz.pl', 234567890),
    ('Proama', 'proama@ubezpieczenia.pl', 235678901),
    ('Uniqa', 'kontakt@uniqa.pl', 236789012),
    ('InterRisk', 'info@interrisk.pl', 237890123),
    ('Reale Mutua', 'kontakt@reale.pl', 238901234),
    ('HDI', 'kontakt@hdi.pl', 239012345),
    ('Benefia', 'kontakt@benefia.pl', 240123456),
    ('Ocena', 'biuro@ocena.pl', 241234567),
	('Chubb', 'chubb@ubezpieczenia.pl', 246789012);

INSERT INTO Insurances (insurance_coverage, insured_registration_number, insurer_name) VALUES
    (75.00, 'WPI75TL', 'Allianz'),
    (85.00, 'GD201PH', 'PZU'),
    (70.00, 'GA450XY', 'Compensa'),
    (80.00, 'GDA32RT', 'AXA'),
    (90.00, 'GWE88KH', 'Generali'),
    (60.00, 'GSP12LZ', 'Ergo Hestia'),
    (95.00, 'GKA55ZY', 'Warta'),
    (75.00, 'OSD91AP', 'MTU'),
    (80.00, 'GSL71PO', 'Link4'),
    (85.00, 'GCH20MQ', 'Unum'),
    (78.00, 'LOD67TW', 'Aviva'),
    (82.00, 'KR82WA', 'TUZ'),
    (88.00, 'WWL98KO', 'Proama'),
    (76.00, 'POZ03PT', 'Uniqa'),
    (85.00, 'LBZ78EU', 'InterRisk'),
    (72.00, 'KTW11HG', 'Reale Mutua'),
    (90.00, 'ELC44VX', 'HDI'),
    (77.00, 'OL98RQ', 'Benefia'),
    (84.00, 'RZ12HJ', 'Ocena'),
    (90.00, 'WAW53OL', 'Chubb');


INSERT INTO Jobs (return_date, roll_in_date, work_hours, repair_id, repaired_registration_number, mechanics_phone_number) VALUES
    ('2017-11-01', '2017-10-28', 4, 1, 'OSD91AP', 537019648),
    ('2018-06-28', '2018-06-23', 4, 2, 'GD201PH', 725839460),
    ('2019-02-15', '2019-02-10', 3, 3, 'KR82WA', 640218597),
    ('2020-05-10', '2020-05-05', 7, 4, 'OL98RQ', 602731496), 
    ('2022-07-15', '2022-07-10', 5, 5, 'WPI75TL', 653284709),
    ('2022-08-20', '2022-08-15', 3, 6, 'GA450XY', 862731492),
    ('2022-09-05', '2022-08-30', 6, 7, 'GDA32RT', 432987561),
    ('2022-09-10', '2022-09-05', 7, 8, 'GWE88KH', 913572804),
    ('2022-10-15', '2022-10-10', 8, 9, 'GSP12LZ', 801264935),
    ('2022-11-02', '2022-10-28', 5, 10, 'GKA55ZY', 623748510),
    ('2022-12-05', '2022-11-25', 6, 11, 'GSL71PO', 816295473),
    ('2023-01-10', '2023-01-05', 5, 12, 'GCH20MQ', 917634580),
    ('2023-01-25', '2023-01-20', 4, 13, 'LOD67TW', 758920631),
    ('2023-03-01', '2023-02-25', 7, 14, 'WWL98KO', 852107463),
    ('2023-03-10', '2023-03-05', 6, 15, 'POZ03PT', 764590283),
    ('2023-04-05', '2023-03-30', 8, 16, 'LBZ78EU', 930672485),
    ('2023-04-15', '2023-04-10', 5, 17, 'KTW11HG', 432987561), 
    ('2023-05-01', '2023-04-20', 6, 18, 'ELC44VX', 710249856), 
    ('2023-06-01', '2023-05-25', 5, 19, 'RZ12HJ', 654321087), 
    ('2023-06-15', '2023-06-10', 4, 20, 'WAW53OL', 741526309);

	

INSERT INTO Invoices (is_paid, creation_date, invoice_number, repair_id, persons_phone_number, insurer_name) VALUES
    (0, '2022-07-20', 1, 1, NULL, 'MTU'),
    (1, '2022-08-10', 2, 2, 789654321, NULL),
    (0, '2022-08-25', 3, 3, NULL, 'TUZ'),
    (1, '2022-09-10', 4, 4, 532897461, NULL),
    (0, '2022-09-15', 5, 5, NULL, 'Allianz'),
    (0, '2022-10-10', 6, 6, 894561237, NULL),
    (1, '2022-10-20', 7, 7, NULL, 'AXA'),
    (0, '2022-11-05', 8, 8, 365247819, NULL),
    (1, '2022-11-15', 9, 9, NULL, 'Ergo Hestia'),
    (0, '2022-12-01', 10, 10, 912345678, NULL),
    (1, '2023-01-05', 11, 11, NULL, 'Link4'), --a
    (0, '2023-01-15', 12, 12, 741369852, NULL),
    (0, '2023-02-01', 13, 13, NULL, 'Aviva'),
    (1, '2023-02-10', 14, 14, 963258147, NULL),
    (0, '2023-03-01', 15, 15, NULL, 'Uniqa'),
    (1, '2023-03-10', 16, 16, 987654321, NULL),
    (0, '2023-04-01', 17, 17, NULL, 'Reale Mutua'),
    (1, '2023-04-10', 18, 18, 789123456, NULL),
    (0, '2023-05-01', 19, 19, NULL, 'Ocena'),
    (1, '2023-05-10', 20, 20, 987321654, NULL);


INSERT INTO Part_Kinds (id, part_kind_type, manufacturer, price) VALUES
    (1, 'Czujnik tlenu', 'Bosch', 650.00),
    (2, 'Klocki hamulcowe', 'Brembo', 350.00),
    (3, 'Filtr paliwa', 'MANN-FILTER', 190.00),
    (4, 'Alternator', 'Valeo', 990.00),
    (5, 'Bateria napędowa', 'Tesla', 14550.00),
    (6, 'Reflektor', 'Philips', 350.00),
    (7, 'Filtr powietrza', 'K&N', 180.00),
    (8, 'Świeca zapłonowa', 'NGK', 50.00),
    (9, 'Chłodnica', 'Mishimoto', 780.00),
    (10, 'Tarcza hamulcowa', 'Zimmermann', 450.00),
    (11, 'Amortyzator', 'KYB', 390.00),
    (12, 'Zestaw sprzęgła', 'LuK', 980.00),
    (13, 'Pompa wody', 'GMB', 280.00),
    (14, 'Akumulator', 'Exide', 550.00),
    (15, 'Pióro wycieraczki', 'Bosch', 90.00),
    (16, 'Cewka zapłonowa', 'Delphi', 300.00),
    (17, 'Przegub napędowy', 'SKF', 650.00),
    (18, 'Pompa wspomagania', 'Saginaw', 700.00),
    (19, 'Pompa paliwa', 'Pierburg', 460.00),
    (20, 'Łańcuch rozrządu', 'INA', 780.00);

INSERT INTO Parts (in_stock, serial_number, part_kind_id, repair_id)
VALUES
    (0, 'B6F3P1A7K', 1, 1),
    (0, 'K9X5T4Q2L', 2, 2),  
    (0, 'R7L3M2B8N', 3, 3),  
    (0, 'F8N2K7X9P', 4, 4),  
    (1, 'Z4Q1K3L8F', 5, NULL), 
    (0, 'P3B8R5T7L', 6, 5),  
    (1, 'L9F2P8Q6K', 7, NULL),  
    (0, 'X1K7F3N2Q', 8, 6),  
    (1, 'Q8L5K4P7F', 9, NULL),  
    (0, 'N6P1K3R8X', 10, 7),  
    (0, 'K3B8L2F5Q', 11, 8),  
    (0, 'L7R1P9Q3X', 12, 9), 
    (1, 'Q2K5F7L9P', 13, NULL),  
    (0, 'F4P1X7L8K', 14, 10),  
    (1, 'P9N6Q3K2L', 15, NULL),  
    (0, 'K7R8L5P1Q', 16, 11), 
    (0, 'N3X1F7L5K', 17, 12),  
    (0, 'Q9K6L4P7F', 18, 13), 
    (1, 'P2L9K8F6Q', 19, NULL),
    (0, 'X5K3P7L9R', 20, 14);

INSERT INTO Compatibility (part_kind_id, model_name) VALUES
    (1, 'Prelude'),
    (2, 'Focus'),
    (3, 'Civic'),
    (4, 'Octavia'),
    (5, 'Model 3'),
    (6, 'Passat'),
    (7, 'Mazda3'),
    (8, 'Corolla'),
    (9, 'Golf'),
    (10, 'Accord'),
    (11, 'Tiguan'),
    (12, 'Mondeo'),
    (13, 'Astra'),
    (14, 'Laguna'),
    (15, 'Yaris'),
    (16, 'X5'),
    (17, 'i30'),
    (18, 'CX-5'),
    (19, 'Clio'),
    (20, 'Punto');
